File,Total Time (minutes),Coding,Debugging,Testing,FC Flow Complexity,OV Object Vocabulary,OC Object Conjuration,AI Arithmetic Intricacy,DT Data Transfer,CM Comments,CS Code Structure,ID Inline Data,
C:\Users\OEM\Desktop\Folders\Programming\workspace\BeatPlaylist\src\com\beatplaylist\backend\birthday\Birthday.java,5418,2583,1824,1010,958,1935,1305,117,620,6,421,54,
C:\Users\OEM\Desktop\Folders\Programming\workspace\BeatPlaylist\src\com\beatplaylist\backend\birthday\BirthdayManager.java,399,210,122,66,17,291,47,0,13,0,28,0,
C:\Users\OEM\Desktop\Folders\Programming\workspace\BeatPlaylist\src\com\beatplaylist\backend\captcha\Captcha.java,2890,1256,1060,573,1349,858,326,45,152,0,143,13,
C:\Users\OEM\Desktop\Folders\Programming\workspace\BeatPlaylist\src\com\beatplaylist\backend\captcha\CaptureManager.java,428,215,137,74,26,232,108,0,19,0,39,1,
C:\Users\OEM\Desktop\Folders\Programming\workspace\BeatPlaylist\src\com\beatplaylist\backend\captcha\Tile.java,581,274,200,106,145,262,95,0,27,0,49,1,
C:\Users\OEM\Desktop\Folders\Programming\workspace\BeatPlaylist\src\com\beatplaylist\backend\profile\BlockedUsers.java,231,123,70,38,8,160,34,0,8,1,19,0,
C:\Users\OEM\Desktop\Folders\Programming\workspace\BeatPlaylist\src\com\beatplaylist\backend\profile\Profile.java,1429,718,456,254,179,727,242,36,141,1,90,12,
C:\Users\OEM\Desktop\Folders\Programming\workspace\BeatPlaylist\src\com\beatplaylist\backend\profile\ProfileData.java,6165,2992,2021,1150,1129,2343,1427,18,582,40,596,29,
C:\Users\OEM\Desktop\Folders\Programming\workspace\BeatPlaylist\src\com\beatplaylist\backend\runnable\BirthdayCheckHandler.java,512,257,165,89,91,320,38,0,26,0,35,0,
C:\Users\OEM\Desktop\Folders\Programming\workspace\BeatPlaylist\src\com\beatplaylist\backend\runnable\ImageAdvertThread.java,430,225,133,72,42,276,45,0,24,7,34,0,
C:\Users\OEM\Desktop\Folders\Programming\workspace\BeatPlaylist\src\com\beatplaylist\backend\runnable\LogoutThread.java,456,245,133,76,0,320,54,0,42,0,39,0,
C:\Users\OEM\Desktop\Folders\Programming\workspace\BeatPlaylist\src\com\beatplaylist\backend\search\Reload.java,744,326,276,141,315,276,77,0,29,0,44,0,
C:\Users\OEM\Desktop\Folders\Programming\workspace\BeatPlaylist\src\com\beatplaylist\backend\search\SearchManager.java,12833,5719,4574,2539,4581,2939,2848,180,1160,23,1025,75,
C:\Users\OEM\Desktop\Folders\Programming\workspace\BeatPlaylist\src\com\beatplaylist\backend\security\FileCipher.java,845,403,286,155,209,334,99,99,49,0,48,5,
C:\Users\OEM\Desktop\Folders\Programming\workspace\BeatPlaylist\src\com\beatplaylist\enums\AchievementType.java,294,152,92,50,17,174,52,0,13,0,32,3,
C:\Users\OEM\Desktop\Folders\Programming\workspace\BeatPlaylist\src\com\beatplaylist\enums\BugReportType.java,382,200,116,65,17,247,52,0,23,0,33,8,
C:\Users\OEM\Desktop\Folders\Programming\workspace\BeatPlaylist\src\com\beatplaylist\enums\CardType.java,240,126,73,40,8,160,31,0,12,0,24,2,
C:\Users\OEM\Desktop\Folders\Programming\workspace\BeatPlaylist\src\com\beatplaylist\enums\CodeType.java,127,74,34,18,0,101,7,0,0,7,11,0,
C:\Users\OEM\Desktop\Folders\Programming\workspace\BeatPlaylist\src\com\beatplaylist\enums\ColorType.java,308,164,92,52,8,218,34,0,18,0,26,2,
C:\Users\OEM\Desktop\Folders\Programming\workspace\BeatPlaylist\src\com\beatplaylist\enums\DateType.java,2638,1296,891,450,374,887,428,604,178,0,111,52,
C:\Users\OEM\Desktop\Folders\Programming\workspace\BeatPlaylist\src\com\beatplaylist\enums\FilterType.java,910,416,321,172,265,334,183,0,42,0,77,6,
C:\Users\OEM\Desktop\Folders\Programming\workspace\BeatPlaylist\src\com\beatplaylist\enums\FontType.java,223,117,68,38,8,145,31,0,10,0,24,1,
C:\Users\OEM\Desktop\Folders\Programming\workspace\BeatPlaylist\src\com\beatplaylist\enums\GenderType.java,404,206,128,69,26,247,68,0,19,0,39,3,
C:\Users\OEM\Desktop\Folders\Programming\workspace\BeatPlaylist\src\com\beatplaylist\enums\GenreType.java,934,473,293,168,151,567,84,0,69,0,49,12,
C:\Users\OEM\Desktop\Folders\Programming\workspace\BeatPlaylist\src\com\beatplaylist\enums\LoginErrorType.java,127,74,34,18,0,101,7,0,0,7,11,0,
C:\Users\OEM\Desktop\Folders\Programming\workspace\BeatPlaylist\src\com\beatplaylist\enums\LoginMessageType.java,446,242,129,74,8,334,31,0,34,1,25,9,
C:\Users\OEM\Desktop\Folders\Programming\workspace\BeatPlaylist\src\com\beatplaylist\enums\ModeType.java,346,179,107,59,17,218,54,0,21,0,32,2,
C:\Users\OEM\Desktop\Folders\Programming\workspace\BeatPlaylist\src\com\beatplaylist\enums\SizeType.java,663,343,206,113,35,378,124,0,38,2,62,20,
C:\Users\OEM\Desktop\Folders\Programming\workspace\BeatPlaylist\src\com\beatplaylist\enums\SocialType.java,594,313,181,99,35,349,95,0,34,7,49,22,
C:\Users\OEM\Desktop\Folders\Programming\workspace\BeatPlaylist\src\com\beatplaylist\enums\StatusType.java,679,349,213,117,35,407,124,0,43,0,65,2,
C:\Users\OEM\Desktop\Folders\Programming\workspace\BeatPlaylist\src\com\beatplaylist\gui\ClassInterface.java,248,138,70,40,0,189,25,0,12,7,14,0,
C:\Users\OEM\Desktop\Folders\Programming\workspace\BeatPlaylist\src\com\beatplaylist\gui\InterfaceManager.java,365,196,108,61,8,247,54,0,14,7,33,0,
C:\Users\OEM\Desktop\Folders\Programming\workspace\BeatPlaylist\src\com\beatplaylist\gui\login\confirm_login_page.java,3984,1931,1324,728,732,1731,784,45,324,0,339,26,
C:\Users\OEM\Desktop\Folders\Programming\workspace\BeatPlaylist\src\com\beatplaylist\gui\login\confirm_password_reset_page.java,3640,1731,1240,668,838,1571,620,45,269,0,274,21,
C:\Users\OEM\Desktop\Folders\Programming\workspace\BeatPlaylist\src\com\beatplaylist\gui\login\login_gui_page.java,6304,2941,2172,1190,1558,1935,1522,126,542,2,566,50,
C:\Users\OEM\Desktop\Folders\Programming\workspace\BeatPlaylist\src\com\beatplaylist\gui\login\login_switch_page.java,1330,693,407,229,57,815,217,18,110,0,105,5,
C:\Users\OEM\Desktop\Folders\Programming\workspace\BeatPlaylist\src\com\beatplaylist\gui\login\resetPasswordGUI.java,2739,1349,891,498,404,1106,634,81,239,0,247,26,
C:\Users\OEM\Desktop\Folders\Programming\workspace\BeatPlaylist\src\com\beatplaylist\gui\main\help_page.java,3282,1607,1080,595,596,1426,605,108,265,0,244,36,
C:\Users\OEM\Desktop\Folders\Programming\workspace\BeatPlaylist\src\com\beatplaylist\gui\main\individual_post_page.java,3055,1509,995,550,498,1499,503,54,248,7,233,11,
C:\Users\OEM\Desktop\Folders\Programming\workspace\BeatPlaylist\src\com\beatplaylist\gui\main\listen_page.java,17984,8260,6238,3485,5085,4802,4169,379,1745,16,1659,125,
C:\Users\OEM\Desktop\Folders\Programming\workspace\BeatPlaylist\src\com\beatplaylist\gui\main\messages_page.java,842,443,253,144,17,538,120,9,72,1,82,0,
C:\Users\OEM\Desktop\Folders\Programming\workspace\BeatPlaylist\src\com\beatplaylist\gui\main\profile_load_page.java,2024,1027,633,363,206,1091,333,9,177,7,193,4,
C:\Users\OEM\Desktop\Folders\Programming\workspace\BeatPlaylist\src\com\beatplaylist\gui\main\profile_page.java,20423,9318,7129,3975,5780,4074,5644,613,2090,27,2028,164,
C:\Users\OEM\Desktop\Folders\Programming\workspace\BeatPlaylist\src\com\beatplaylist\gui\main\purchase_page.java,5211,2606,1667,937,543,2226,1209,171,503,5,499,52,
C:\Users\OEM\Desktop\Folders\Programming\workspace\BeatPlaylist\src\com\beatplaylist\gui\main\search_page.java,1417,737,436,243,60,786,265,45,110,7,134,9,
C:\Users\OEM\Desktop\Folders\Programming\workspace\BeatPlaylist\src\com\beatplaylist\gui\main\timeline_page.java,3757,1763,1287,706,1027,1455,552,99,332,0,270,18,
C:\Users\OEM\Desktop\Folders\Programming\workspace\BeatPlaylist\src\com\beatplaylist\gui\main\view_featured_playlists.java,1785,940,537,306,17,989,369,45,154,7,187,13,
C:\Users\OEM\Desktop\Folders\Programming\workspace\BeatPlaylist\src\com\beatplaylist\gui\main\view_following_follower_page.java,3137,1450,1103,583,803,887,677,207,248,0,284,26,
C:\Users\OEM\Desktop\Folders\Programming\workspace\BeatPlaylist\src\com\beatplaylist\gui\main\view_friends_page.java,647,342,195,109,17,436,70,9,48,0,63,0,
C:\Users\OEM\Desktop\Folders\Programming\workspace\BeatPlaylist\src\com\beatplaylist\gui\main\view_playlists_page.java,3216,1599,1042,575,394,1411,718,81,269,7,304,29,
C:\Users\OEM\Desktop\Folders\Programming\workspace\BeatPlaylist\src\com\beatplaylist\gui\main\view_potential_friends_page.java,2321,1181,731,407,236,1309,376,27,177,1,181,11,
C:\Users\OEM\Desktop\Folders\Programming\workspace\BeatPlaylist\src\com\beatplaylist\gui\notification\Like.java,407,217,120,68,0,232,120,0,15,7,31,0,
C:\Users\OEM\Desktop\Folders\Programming\workspace\BeatPlaylist\src\com\beatplaylist\gui\notification\Mention.java,661,340,206,113,26,349,188,0,30,7,57,1,
C:\Users\OEM\Desktop\Folders\Programming\workspace\BeatPlaylist\src\com\beatplaylist\gui\notification\NotificationTab.java,2948,1397,1004,546,837,1353,371,18,172,9,177,8,
C:\Users\OEM\Desktop\Folders\Programming\workspace\BeatPlaylist\src\com\beatplaylist\gui\notification\NotificationTabType.java,246,133,72,40,8,160,31,0,10,7,26,1,
C:\Users\OEM\Desktop\Folders\Programming\workspace\BeatPlaylist\src\com\beatplaylist\gui\notification\notification_all_page.java,2357,1169,768,419,398,1164,348,72,172,7,182,11,
C:\Users\OEM\Desktop\Folders\Programming\workspace\BeatPlaylist\src\com\beatplaylist\gui\notification\notification_mention_page.java,2173,1099,692,382,258,1120,356,72,170,7,177,11,
C:\Users\OEM\Desktop\Folders\Programming\workspace\BeatPlaylist\src\com\beatplaylist\gui\notification\notification_new_follower_page.java,2327,1152,759,415,398,1135,348,72,172,7,181,11,
C:\Users\OEM\Desktop\Folders\Programming\workspace\BeatPlaylist\src\com\beatplaylist\gui\party\enums\ColorType.java,372,195,115,62,17,247,52,0,15,0,35,3,
C:\Users\OEM\Desktop\Folders\Programming\workspace\BeatPlaylist\src\com\beatplaylist\gui\party\enums\EventType.java,682,365,201,115,17,509,54,0,54,0,35,11,
C:\Users\OEM\Desktop\Folders\Programming\workspace\BeatPlaylist\src\com\beatplaylist\gui\party\enums\InviteType.java,583,279,195,108,151,276,79,0,27,0,48,0,
C:\Users\OEM\Desktop\Folders\Programming\workspace\BeatPlaylist\src\com\beatplaylist\gui\party\enums\PartyOption.java,417,214,131,71,26,247,75,0,21,0,42,4,
C:\Users\OEM\Desktop\Folders\Programming\workspace\BeatPlaylist\src\com\beatplaylist\gui\party\enums\PartyType.java,326,169,101,55,17,203,52,0,13,0,34,4,
C:\Users\OEM\Desktop\Folders\Programming\workspace\BeatPlaylist\src\com\beatplaylist\gui\party\gui\create_party_page.java,20458,9347,7104,4007,6221,4482,5304,631,1985,13,1614,205,
C:\Users\OEM\Desktop\Folders\Programming\workspace\BeatPlaylist\src\com\beatplaylist\gui\party\gui\PartyData.java,5213,2657,1603,952,17,1790,2078,54,651,9,557,54,
C:\Users\OEM\Desktop\Folders\Programming\workspace\BeatPlaylist\src\com\beatplaylist\gui\party\gui\search_party_page.java,7798,3628,2688,1481,2194,2401,1685,198,648,7,599,64,
C:\Users\OEM\Desktop\Folders\Programming\workspace\BeatPlaylist\src\com\beatplaylist\gui\party\gui\view_party_page.java,17077,7870,5866,3340,4919,4453,4167,415,1741,3,1214,163,
C:\Users\OEM\Desktop\Folders\Programming\workspace\BeatPlaylist\src\com\beatplaylist\gui\party\Party.java,4454,2125,1502,826,721,1862,1110,0,236,5,518,0,
C:\Users\OEM\Desktop\Folders\Programming\workspace\BeatPlaylist\src\com\beatplaylist\gui\party\PartyManager.java,1292,603,438,250,335,480,260,0,95,0,119,0,
C:\Users\OEM\Desktop\Folders\Programming\workspace\BeatPlaylist\src\com\beatplaylist\gui\party\PartyTab.java,2332,1094,802,436,697,975,281,72,138,0,156,12,
C:\Users\OEM\Desktop\Folders\Programming\workspace\BeatPlaylist\src\com\beatplaylist\gui\plugin\load_party_page.java,921,495,271,153,8,640,106,9,70,7,75,3,
C:\Users\OEM\Desktop\Folders\Programming\workspace\BeatPlaylist\src\com\beatplaylist\gui\plugin\party_plugin.java,6364,3002,2176,1185,1586,2357,1250,171,465,0,502,30,
C:\Users\OEM\Desktop\Folders\Programming\workspace\BeatPlaylist\src\com\beatplaylist\gui\register\quick_register_page.java,6812,3162,2366,1282,1903,2226,1309,261,532,0,523,54,
C:\Users\OEM\Desktop\Folders\Programming\workspace\BeatPlaylist\src\com\beatplaylist\gui\register\register_confirm_account_page.java,4839,2325,1627,886,978,1906,940,162,402,2,404,41,
C:\Users\OEM\Desktop\Folders\Programming\workspace\BeatPlaylist\src\com\beatplaylist\gui\register\register_stage_three_page.java,5558,2517,1972,1068,1858,1571,1099,99,451,10,416,52,
C:\Users\OEM\Desktop\Folders\Programming\workspace\BeatPlaylist\src\com\beatplaylist\gui\register\register_stage_two_page.java,2845,1360,954,530,661,1120,512,45,243,3,238,20,
C:\Users\OEM\Desktop\Folders\Programming\workspace\BeatPlaylist\src\com\beatplaylist\gui\SceneUtilities.java,3911,1784,1387,739,1353,1513,451,54,264,9,261,3,
C:\Users\OEM\Desktop\Folders\Programming\workspace\BeatPlaylist\src\com\beatplaylist\gui\settings\blocked_users_page.java,3775,1895,1200,680,388,1731,791,99,404,1,324,34,
C:\Users\OEM\Desktop\Folders\Programming\workspace\BeatPlaylist\src\com\beatplaylist\gui\settings\general_settings_page.java,14728,6916,4983,2829,3342,3827,3795,559,1532,8,1501,161,
C:\Users\OEM\Desktop\Folders\Programming\workspace\BeatPlaylist\src\com\beatplaylist\gui\settings\password_settings_page.java,4588,2228,1523,836,826,1848,976,171,355,0,372,36,
C:\Users\OEM\Desktop\Folders\Programming\workspace\BeatPlaylist\src\com\beatplaylist\gui\settings\Settings.java,8258,3740,2889,1628,2535,2357,1788,126,792,19,586,52,
C:\Users\OEM\Desktop\Folders\Programming\workspace\BeatPlaylist\src\com\beatplaylist\gui\settings\SettingTab.java,2324,1108,777,437,661,1047,267,36,144,0,156,9,
C:\Users\OEM\Desktop\Folders\Programming\workspace\BeatPlaylist\src\com\beatplaylist\gui\settings\SettingType.java,564,305,166,93,17,392,52,9,34,7,37,12,
C:\Users\OEM\Desktop\Folders\Programming\workspace\BeatPlaylist\src\com\beatplaylist\gui\settings\SocialType.java,422,219,132,71,26,247,79,0,19,7,41,0,
C:\Users\OEM\Desktop\Folders\Programming\workspace\BeatPlaylist\src\com\beatplaylist\gui\tab\Tab.java,1559,807,479,272,142,887,240,18,119,11,130,9,
C:\Users\OEM\Desktop\Folders\Programming\workspace\BeatPlaylist\src\com\beatplaylist\gui\tab\TabBuilder.java,6660,2909,2432,1319,2770,1659,1037,180,534,2,440,36,
C:\Users\OEM\Desktop\Folders\Programming\workspace\BeatPlaylist\src\com\beatplaylist\gui\tab\TabType.java,4189,2008,1416,764,623,1760,1180,0,300,19,277,27,
C:\Users\OEM\Desktop\Folders\Programming\workspace\BeatPlaylist\src\com\beatplaylist\gui\UserInterface.java,143,81,39,22,0,101,16,0,2,7,16,0,
C:\Users\OEM\Desktop\Folders\Programming\workspace\BeatPlaylist\src\com\beatplaylist\Main.java,6184,2953,2064,1166,1599,2328,999,108,534,76,518,19,
C:\Users\OEM\Desktop\Folders\Programming\workspace\BeatPlaylist\src\com\beatplaylist\Options.java,174,94,51,28,8,101,31,0,6,8,17,0,
C:\Users\OEM\Desktop\Folders\Programming\workspace\BeatPlaylist\src\com\beatplaylist\utilities\adblock\AdvertManager.java,402,211,122,68,17,247,72,0,17,7,40,0,
C:\Users\OEM\Desktop\Folders\Programming\workspace\BeatPlaylist\src\com\beatplaylist\utilities\adblock\AdvertTerm.java,372,191,118,62,26,203,79,0,12,8,42,0,
C:\Users\OEM\Desktop\Folders\Programming\workspace\BeatPlaylist\src\com\beatplaylist\utilities\adblock\TermType.java,128,75,34,18,0,101,7,0,0,7,12,0,
C:\Users\OEM\Desktop\Folders\Programming\workspace\BeatPlaylist\src\com\beatplaylist\utilities\advertising\Advert.java,609,304,197,107,44,320,135,0,27,0,80,0,
C:\Users\OEM\Desktop\Folders\Programming\workspace\BeatPlaylist\src\com\beatplaylist\utilities\advertising\AdvertManager.java,3106,1497,1038,571,701,1440,475,36,212,7,218,13,
C:\Users\OEM\Desktop\Folders\Programming\workspace\BeatPlaylist\src\com\beatplaylist\utilities\album\Album.java,1017,508,329,180,102,523,197,36,53,0,102,1,
C:\Users\OEM\Desktop\Folders\Programming\workspace\BeatPlaylist\src\com\beatplaylist\utilities\album\ImageCallback.java,760,346,269,144,280,262,133,0,30,7,47,0,
C:\Users\OEM\Desktop\Folders\Programming\workspace\BeatPlaylist\src\com\beatplaylist\utilities\album\ImageHandler.java,5940,2840,2004,1096,1215,2415,1137,162,546,4,414,44,
C:\Users\OEM\Desktop\Folders\Programming\workspace\BeatPlaylist\src\com\beatplaylist\utilities\AudioBar.java,13421,6061,4761,2597,4443,3158,2775,667,1171,33,1048,123,
C:\Users\OEM\Desktop\Folders\Programming\workspace\BeatPlaylist\src\com\beatplaylist\utilities\bluetooth\BlueTest.java,2909,1373,989,547,701,1309,385,18,245,8,229,11,
C:\Users\OEM\Desktop\Folders\Programming\workspace\BeatPlaylist\src\com\beatplaylist\utilities\bluetooth\Bluetooth.java,839,392,286,160,284,349,104,0,33,7,60,0,
C:\Users\OEM\Desktop\Folders\Programming\workspace\BeatPlaylist\src\com\beatplaylist\utilities\bluetooth\BluetoothDevice.java,331,173,102,56,17,189,61,0,12,7,43,0,
C:\Users\OEM\Desktop\Folders\Programming\workspace\BeatPlaylist\src\com\beatplaylist\utilities\bluetooth\BluetoothDiscover.java,2909,1373,989,547,701,1309,385,18,245,8,229,11,
C:\Users\OEM\Desktop\Folders\Programming\workspace\BeatPlaylist\src\com\beatplaylist\utilities\bluetooth\DiscoverDevices.java,2459,1223,793,442,462,1178,342,18,199,60,188,9,
C:\Users\OEM\Desktop\Folders\Programming\workspace\BeatPlaylist\src\com\beatplaylist\utilities\bluetooth\RemoteDeviceDiscover.java,1828,898,600,330,352,960,215,36,124,8,124,6,
C:\Users\OEM\Desktop\Folders\Programming\workspace\BeatPlaylist\src\com\beatplaylist\utilities\cache\DownloadedImage.java,324,169,100,54,17,189,61,0,10,7,38,0,
C:\Users\OEM\Desktop\Folders\Programming\workspace\BeatPlaylist\src\com\beatplaylist\utilities\cache\StoredImage.java,489,259,148,82,17,320,81,0,24,7,38,0,
C:\Users\OEM\Desktop\Folders\Programming\workspace\BeatPlaylist\src\com\beatplaylist\utilities\Cart.java,525,269,164,91,26,320,99,0,24,0,53,0,
C:\Users\OEM\Desktop\Folders\Programming\workspace\BeatPlaylist\src\com\beatplaylist\utilities\Cooldown.java,1155,543,398,213,303,480,167,36,75,0,87,5,
C:\Users\OEM\Desktop\Folders\Programming\workspace\BeatPlaylist\src\com\beatplaylist\utilities\currency\Currency.java,397,187,139,70,105,174,63,0,12,7,34,0,
C:\Users\OEM\Desktop\Folders\Programming\workspace\BeatPlaylist\src\com\beatplaylist\utilities\currency\CurrencyType.java,296,161,87,47,8,218,27,0,8,7,26,0,
C:\Users\OEM\Desktop\Folders\Programming\workspace\BeatPlaylist\src\com\beatplaylist\utilities\CustomColor.java,426,229,124,72,8,320,31,0,32,0,25,7,
C:\Users\OEM\Desktop\Folders\Programming\workspace\BeatPlaylist\src\com\beatplaylist\utilities\CustomToolTip.java,463,244,140,78,48,305,40,0,20,7,38,1,
C:\Users\OEM\Desktop\Folders\Programming\workspace\BeatPlaylist\src\com\beatplaylist\utilities\data\AccountData.java,717,358,231,127,53,363,161,0,41,0,94,2,
C:\Users\OEM\Desktop\Folders\Programming\workspace\BeatPlaylist\src\com\beatplaylist\utilities\data\CommentData.java,808,406,260,141,53,422,185,9,40,0,95,1,
C:\Users\OEM\Desktop\Folders\Programming\workspace\BeatPlaylist\src\com\beatplaylist\utilities\data\Data.java,2239,1073,766,399,597,1120,281,9,97,21,87,24,
C:\Users\OEM\Desktop\Folders\Programming\workspace\BeatPlaylist\src\com\beatplaylist\utilities\data\LoadData.java,386,195,124,67,26,218,81,0,15,0,44,0,
C:\Users\OEM\Desktop\Folders\Programming\workspace\BeatPlaylist\src\com\beatplaylist\utilities\data\TimelineData.java,1353,680,435,236,89,727,303,9,70,1,149,2,
C:\Users\OEM\Desktop\Folders\Programming\workspace\BeatPlaylist\src\com\beatplaylist\utilities\data\TrendData.java,549,277,176,96,35,305,115,0,22,0,69,0,
C:\Users\OEM\Desktop\Folders\Programming\workspace\BeatPlaylist\src\com\beatplaylist\utilities\data\YouTubeData.java,593,300,188,104,106,305,90,0,30,13,46,0,
C:\Users\OEM\Desktop\Folders\Programming\workspace\BeatPlaylist\src\com\beatplaylist\utilities\effects\EffectManager.java,1799,775,671,352,793,553,247,0,113,0,91,0,
C:\Users\OEM\Desktop\Folders\Programming\workspace\BeatPlaylist\src\com\beatplaylist\utilities\effects\EffectType.java,174,96,50,27,0,145,9,0,2,0,17,0,
C:\Users\OEM\Desktop\Folders\Programming\workspace\BeatPlaylist\src\com\beatplaylist\utilities\effects\LargeRipple.java,714,376,212,125,8,451,131,0,74,2,40,4,
C:\Users\OEM\Desktop\Folders\Programming\workspace\BeatPlaylist\src\com\beatplaylist\utilities\effects\LargeRippleEffect.java,1290,630,426,233,249,611,190,36,99,4,96,3,
C:\Users\OEM\Desktop\Folders\Programming\workspace\BeatPlaylist\src\com\beatplaylist\utilities\effects\LightEffect.java,2106,1026,695,383,351,946,383,54,202,5,157,5,
C:\Users\OEM\Desktop\Folders\Programming\workspace\BeatPlaylist\src\com\beatplaylist\utilities\effects\ProgressBarColorChangeEffect.java,1793,888,583,321,264,669,303,216,171,1,145,22,
C:\Users\OEM\Desktop\Folders\Programming\workspace\BeatPlaylist\src\com\beatplaylist\utilities\effects\Ripple.java,866,427,281,157,158,451,129,0,73,2,40,10,
C:\Users\OEM\Desktop\Folders\Programming\workspace\BeatPlaylist\src\com\beatplaylist\utilities\effects\RippleEffect.java,1673,806,560,307,333,684,299,54,155,6,135,4,
C:\Users\OEM\Desktop\Folders\Programming\workspace\BeatPlaylist\src\com\beatplaylist\utilities\effects\SmokeEffect.java,92,51,26,14,0,72,7,0,0,0,12,0,
C:\Users\OEM\Desktop\Folders\Programming\workspace\BeatPlaylist\src\com\beatplaylist\utilities\events\BrowserEvent.java,4070,1813,1458,798,1638,1208,534,63,300,8,297,20,
C:\Users\OEM\Desktop\Folders\Programming\workspace\BeatPlaylist\src\com\beatplaylist\utilities\events\ImageUploadEvent.java,199,113,55,30,0,160,16,0,3,7,13,0,
C:\Users\OEM\Desktop\Folders\Programming\workspace\BeatPlaylist\src\com\beatplaylist\utilities\events\PauseSongEvent.java,110,64,29,16,0,72,11,0,2,7,17,0,
C:\Users\OEM\Desktop\Folders\Programming\workspace\BeatPlaylist\src\com\beatplaylist\utilities\events\PlaySongEvent.java,323,180,91,50,0,232,20,18,16,7,27,1,
C:\Users\OEM\Desktop\Folders\Programming\workspace\BeatPlaylist\src\com\beatplaylist\utilities\events\PopupCloseEvent.java,664,327,213,123,202,320,52,0,36,7,43,2,
C:\Users\OEM\Desktop\Folders\Programming\workspace\BeatPlaylist\src\com\beatplaylist\utilities\events\PopupOpenEvent.java,667,329,214,124,202,320,52,0,36,7,46,2,
C:\Users\OEM\Desktop\Folders\Programming\workspace\BeatPlaylist\src\com\beatplaylist\utilities\events\SocketReceiveEvent.java,199,113,55,30,0,160,16,0,3,7,13,0,
C:\Users\OEM\Desktop\Folders\Programming\workspace\BeatPlaylist\src\com\beatplaylist\utilities\events\SongEndEvent.java,175,100,48,27,0,131,11,0,5,7,20,0,
C:\Users\OEM\Desktop\Folders\Programming\workspace\BeatPlaylist\src\com\beatplaylist\utilities\events\SongPlayEvent.java,351,180,111,59,70,203,18,9,13,7,29,0,
C:\Users\OEM\Desktop\Folders\Programming\workspace\BeatPlaylist\src\com\beatplaylist\utilities\filemanager\FileManager.java,2475,1111,878,484,849,771,421,27,186,0,206,12,
C:\Users\OEM\Desktop\Folders\Programming\workspace\BeatPlaylist\src\com\beatplaylist\utilities\filemanager\FileUtilities.java,1019,474,352,191,301,422,124,9,69,7,81,3,
C:\Users\OEM\Desktop\Folders\Programming\workspace\BeatPlaylist\src\com\beatplaylist\utilities\following\FollowingManager.java,267,145,79,43,8,189,34,0,8,7,19,0,
C:\Users\OEM\Desktop\Folders\Programming\workspace\BeatPlaylist\src\com\beatplaylist\utilities\following\Friend.java,901,446,294,160,71,451,215,0,43,0,120,0,
C:\Users\OEM\Desktop\Folders\Programming\workspace\BeatPlaylist\src\com\beatplaylist\utilities\home\CachedItem.java,443,228,139,76,26,247,88,0,17,7,56,0,
C:\Users\OEM\Desktop\Folders\Programming\workspace\BeatPlaylist\src\com\beatplaylist\utilities\home\HomeItem.java,2052,1007,678,367,170,989,503,0,117,7,264,0,
C:\Users\OEM\Desktop\Folders\Programming\workspace\BeatPlaylist\src\com\beatplaylist\utilities\home\HomeManager.java,20559,9076,7443,4039,7520,4758,4339,415,1782,47,1554,141,
C:\Users\OEM\Desktop\Folders\Programming\workspace\BeatPlaylist\src\com\beatplaylist\utilities\home\HomeSideBarType.java,299,157,92,50,17,174,52,0,12,7,33,2,
C:\Users\OEM\Desktop\Folders\Programming\workspace\BeatPlaylist\src\com\beatplaylist\utilities\home\Hover.java,5573,2545,1964,1063,1766,1862,969,126,457,0,358,31,
C:\Users\OEM\Desktop\Folders\Programming\workspace\BeatPlaylist\src\com\beatplaylist\utilities\home\TimelineItem.java,13043,6008,4552,2482,3288,3798,3108,379,1219,10,1154,84,
C:\Users\OEM\Desktop\Folders\Programming\workspace\BeatPlaylist\src\com\beatplaylist\utilities\home\TimelineUtilities.java,9593,4334,3411,1848,3301,3041,1575,297,717,18,586,56,
C:\Users\OEM\Desktop\Folders\Programming\workspace\BeatPlaylist\src\com\beatplaylist\utilities\ImageBuilder.java,1842,847,654,340,450,625,457,0,113,7,187,0,
C:\Users\OEM\Desktop\Folders\Programming\workspace\BeatPlaylist\src\com\beatplaylist\utilities\LayoutManager.java,2426,921,1018,485,1563,334,290,72,71,0,93,1,
C:\Users\OEM\Desktop\Folders\Programming\workspace\BeatPlaylist\src\com\beatplaylist\utilities\Log.java,194,102,59,32,8,116,34,0,7,2,25,0,
C:\Users\OEM\Desktop\Folders\Programming\workspace\BeatPlaylist\src\com\beatplaylist\utilities\logger\Log.java,238,124,74,39,17,131,45,0,10,7,26,0,
C:\Users\OEM\Desktop\Folders\Programming\workspace\BeatPlaylist\src\com\beatplaylist\utilities\message\Conversation.java,1799,897,584,317,134,917,448,0,87,7,204,0,
C:\Users\OEM\Desktop\Folders\Programming\workspace\BeatPlaylist\src\com\beatplaylist\utilities\message\ConversationManager.java,2055,933,725,395,774,742,256,18,122,7,130,4,
C:\Users\OEM\Desktop\Folders\Programming\workspace\BeatPlaylist\src\com\beatplaylist\utilities\message\Message.java,482,240,158,83,44,232,122,0,18,7,56,0,
C:\Users\OEM\Desktop\Folders\Programming\workspace\BeatPlaylist\src\com\beatplaylist\utilities\message\MessageManager.java,30337,13479,10842,6016,10381,6083,7463,659,3041,37,2446,224,
C:\Users\OEM\Desktop\Folders\Programming\workspace\BeatPlaylist\src\com\beatplaylist\utilities\message\MessageType.java,400,204,127,68,66,247,31,0,11,7,36,0,
C:\Users\OEM\Desktop\Folders\Programming\workspace\BeatPlaylist\src\com\beatplaylist\utilities\message\RecentData.java,652,324,212,115,69,349,143,0,34,0,55,0,
C:\Users\OEM\Desktop\Folders\Programming\workspace\BeatPlaylist\src\com\beatplaylist\utilities\music\KeyboardHookListener.java,3867,1662,1439,765,1737,946,505,108,252,0,299,17,
C:\Users\OEM\Desktop\Folders\Programming\workspace\BeatPlaylist\src\com\beatplaylist\utilities\music\Music.java,819,403,266,150,182,436,79,9,57,4,50,0,
C:\Users\OEM\Desktop\Folders\Programming\workspace\BeatPlaylist\src\com\beatplaylist\utilities\music\MusicData.java,2594,1273,849,472,541,1338,337,27,180,1,157,10,
C:\Users\OEM\Desktop\Folders\Programming\workspace\BeatPlaylist\src\com\beatplaylist\utilities\music\MusicManager.java,1933,955,625,352,263,917,335,27,184,1,201,2,
C:\Users\OEM\Desktop\Folders\Programming\workspace\BeatPlaylist\src\com\beatplaylist\utilities\music\MusicTrend.java,869,427,286,155,102,451,170,0,50,0,93,1,
C:\Users\OEM\Desktop\Folders\Programming\workspace\BeatPlaylist\src\com\beatplaylist\utilities\music\playlist\Playlist.java,5173,2379,1811,981,1424,1717,1072,99,328,13,502,15,
C:\Users\OEM\Desktop\Folders\Programming\workspace\BeatPlaylist\src\com\beatplaylist\utilities\music\playlist\PlaylistBuilder.java,9008,4203,3092,1713,2506,2867,1679,343,786,12,731,82,
C:\Users\OEM\Desktop\Folders\Programming\workspace\BeatPlaylist\src\com\beatplaylist\utilities\music\playlist\PlaylistManager.java,6866,3174,2373,1318,2155,2154,1237,189,524,57,493,55,
C:\Users\OEM\Desktop\Folders\Programming\workspace\BeatPlaylist\src\com\beatplaylist\utilities\music\playlist\PlaylistView.java,19613,8826,6938,3848,6654,4671,4006,604,1830,34,1673,139,
C:\Users\OEM\Desktop\Folders\Programming\workspace\BeatPlaylist\src\com\beatplaylist\utilities\music\playlist\PlaylistWorker.java,1482,706,498,278,371,684,249,0,79,9,90,0,
C:\Users\OEM\Desktop\Folders\Programming\workspace\BeatPlaylist\src\com\beatplaylist\utilities\music\playlist\RoleType.java,434,226,135,73,26,262,72,0,21,7,42,2,
C:\Users\OEM\Desktop\Folders\Programming\workspace\BeatPlaylist\src\com\beatplaylist\utilities\music\playlist\Song.java,540,276,170,93,35,291,111,0,25,7,68,0,
C:\Users\OEM\Desktop\Folders\Programming\workspace\BeatPlaylist\src\com\beatplaylist\utilities\music\SongManager.java,11411,4921,4196,2293,5276,2677,1606,99,926,10,725,89,
C:\Users\OEM\Desktop\Folders\Programming\workspace\BeatPlaylist\src\com\beatplaylist\utilities\music\SongType.java,143,83,39,21,0,116,7,0,0,7,12,0,
C:\Users\OEM\Desktop\Folders\Programming\workspace\BeatPlaylist\src\com\beatplaylist\utilities\music\SongUtilities.java,5935,2692,2098,1144,1998,1790,1033,117,525,5,440,24,
C:\Users\OEM\Desktop\Folders\Programming\workspace\BeatPlaylist\src\com\beatplaylist\utilities\music\youtube\FullscreenHandler.java,1183,634,348,199,0,727,190,54,93,11,100,5,
C:\Users\OEM\Desktop\Folders\Programming\workspace\BeatPlaylist\src\com\beatplaylist\utilities\music\youtube\Genius.java,1322,647,434,240,289,669,145,0,95,8,103,11,
C:\Users\OEM\Desktop\Folders\Programming\workspace\BeatPlaylist\src\com\beatplaylist\utilities\music\youtube\PlaylistItem.java,281,147,87,46,17,160,54,0,8,7,33,0,
C:\Users\OEM\Desktop\Folders\Programming\workspace\BeatPlaylist\src\com\beatplaylist\utilities\music\youtube\WebCatch.java,4447,2027,1575,845,1585,1688,534,81,304,19,201,32,
C:\Users\OEM\Desktop\Folders\Programming\workspace\BeatPlaylist\src\com\beatplaylist\utilities\music\youtube\YouTube.java,6424,2736,2412,1275,2938,1557,877,135,415,0,465,35,
C:\Users\OEM\Desktop\Folders\Programming\workspace\BeatPlaylist\src\com\beatplaylist\utilities\music\youtube\YouTubeBrowser.java,7545,3523,2579,1442,2434,2663,1026,99,614,87,572,46,
C:\Users\OEM\Desktop\Folders\Programming\workspace\BeatPlaylist\src\com\beatplaylist\utilities\music\youtube\YouTubePlaylist.java,598,311,184,102,26,363,108,0,24,7,67,0,
C:\Users\OEM\Desktop\Folders\Programming\workspace\BeatPlaylist\src\com\beatplaylist\utilities\network\AccountType.java,1690,694,663,332,852,407,231,0,96,7,92,3,
C:\Users\OEM\Desktop\Folders\Programming\workspace\BeatPlaylist\src\com\beatplaylist\utilities\network\FindClosestServer.java,635,338,188,107,57,349,93,0,50,23,53,8,
C:\Users\OEM\Desktop\Folders\Programming\workspace\BeatPlaylist\src\com\beatplaylist\utilities\network\get\GetAdblockHandler.java,1751,830,588,331,526,815,167,9,121,7,96,8,
C:\Users\OEM\Desktop\Folders\Programming\workspace\BeatPlaylist\src\com\beatplaylist\utilities\network\get\GetAllFriendsListeningHandler.java,1399,716,433,250,66,815,240,9,156,8,95,9,
C:\Users\OEM\Desktop\Folders\Programming\workspace\BeatPlaylist\src\com\beatplaylist\utilities\network\get\GetArtistViewHandler.java,1057,535,334,187,109,596,135,18,110,7,73,6,
C:\Users\OEM\Desktop\Folders\Programming\workspace\BeatPlaylist\src\com\beatplaylist\utilities\network\get\GetBirthdayData.java,1648,786,556,305,369,713,217,81,163,0,93,10,
C:\Users\OEM\Desktop\Folders\Programming\workspace\BeatPlaylist\src\com\beatplaylist\utilities\network\get\GetBlockListHandler.java,1115,542,369,204,215,596,111,18,100,0,67,6,
C:\Users\OEM\Desktop\Folders\Programming\workspace\BeatPlaylist\src\com\beatplaylist\utilities\network\get\GetCodeHandler.java,1176,566,393,216,276,596,140,0,65,0,95,1,
C:\Users\OEM\Desktop\Folders\Programming\workspace\BeatPlaylist\src\com\beatplaylist\utilities\network\get\GetCommentsHandler.java,2721,1265,942,512,751,1149,360,45,254,1,146,12,
C:\Users\OEM\Desktop\Folders\Programming\workspace\BeatPlaylist\src\com\beatplaylist\utilities\network\get\GetConversationMessagesHandler.java,2789,1308,959,521,760,1222,339,45,247,1,161,10,
C:\Users\OEM\Desktop\Folders\Programming\workspace\BeatPlaylist\src\com\beatplaylist\utilities\network\get\GetConversationsHandler.java,1897,881,659,356,504,873,211,0,188,0,108,11,
C:\Users\OEM\Desktop\Folders\Programming\workspace\BeatPlaylist\src\com\beatplaylist\utilities\network\get\GetFollowingFollowerCount.java,1550,733,530,286,450,698,185,18,98,7,88,4,
C:\Users\OEM\Desktop\Folders\Programming\workspace\BeatPlaylist\src\com\beatplaylist\utilities\network\get\GetFollowingFollowerSocket.java,6609,3185,2201,1222,1309,2575,1262,252,632,7,503,66,
C:\Users\OEM\Desktop\Folders\Programming\workspace\BeatPlaylist\src\com\beatplaylist\utilities\network\get\GetGlobalPermissions.java,771,390,243,137,109,451,86,0,59,7,55,3,
C:\Users\OEM\Desktop\Folders\Programming\workspace\BeatPlaylist\src\com\beatplaylist\utilities\network\get\GetImageAdvert.java,1116,560,356,200,109,655,143,0,125,0,76,7,
C:\Users\OEM\Desktop\Folders\Programming\workspace\BeatPlaylist\src\com\beatplaylist\utilities\network\get\GetMentionHandler.java,14183,6482,4967,2733,3865,4060,3339,261,1441,26,1102,86,
C:\Users\OEM\Desktop\Folders\Programming\workspace\BeatPlaylist\src\com\beatplaylist\utilities\network\get\GetMessageContactsHandler.java,1420,707,451,261,337,625,174,54,97,27,101,2,
C:\Users\OEM\Desktop\Folders\Programming\workspace\BeatPlaylist\src\com\beatplaylist\utilities\network\get\GetMessageNotifications.java,805,425,242,138,57,538,79,0,52,8,67,1,
C:\Users\OEM\Desktop\Folders\Programming\workspace\BeatPlaylist\src\com\beatplaylist\utilities\network\get\GetNewFollowersHandler.java,3437,1670,1140,627,637,1644,562,36,308,7,224,17,
C:\Users\OEM\Desktop\Folders\Programming\workspace\BeatPlaylist\src\com\beatplaylist\utilities\network\get\GetNotificationsSocket.java,1019,503,330,185,197,567,102,0,65,0,81,4,
C:\Users\OEM\Desktop\Folders\Programming\workspace\BeatPlaylist\src\com\beatplaylist\utilities\network\get\GetPartiesHandler.java,8782,4115,3008,1659,1966,3070,1656,433,1013,10,541,89,
C:\Users\OEM\Desktop\Folders\Programming\workspace\BeatPlaylist\src\com\beatplaylist\utilities\network\get\GetPartyListHandler.java,3648,1707,1254,687,591,1659,559,0,589,5,208,35,
C:\Users\OEM\Desktop\Folders\Programming\workspace\BeatPlaylist\src\com\beatplaylist\utilities\network\get\GetPartyUsersHandler.java,10741,4743,3873,2124,4175,2838,1885,180,872,10,730,48,
C:\Users\OEM\Desktop\Folders\Programming\workspace\BeatPlaylist\src\com\beatplaylist\utilities\network\get\GetPeopleContainingHandler.java,4161,1949,1431,780,913,1644,761,81,440,4,281,35,
C:\Users\OEM\Desktop\Folders\Programming\workspace\BeatPlaylist\src\com\beatplaylist\utilities\network\get\GetPlaylistURLHandler.java,6032,2725,2105,1201,1815,1615,1314,36,725,3,460,62,
C:\Users\OEM\Desktop\Folders\Programming\workspace\BeatPlaylist\src\com\beatplaylist\utilities\network\get\GetPostHandler.java,1777,915,550,311,149,1062,285,9,138,3,120,9,
C:\Users\OEM\Desktop\Folders\Programming\workspace\BeatPlaylist\src\com\beatplaylist\utilities\network\get\GetPostLikesHandler.java,918,460,294,163,149,553,95,0,52,0,67,0,
C:\Users\OEM\Desktop\Folders\Programming\workspace\BeatPlaylist\src\com\beatplaylist\utilities\network\get\GetPotentialFriends.java,4575,2128,1580,866,1104,1586,987,63,435,5,356,36,
C:\Users\OEM\Desktop\Folders\Programming\workspace\BeatPlaylist\src\com\beatplaylist\utilities\network\get\GetProfileHandler.java,3298,1487,1163,647,1159,1062,550,0,259,0,248,17,
C:\Users\OEM\Desktop\Folders\Programming\workspace\BeatPlaylist\src\com\beatplaylist\utilities\network\get\GetSearchResultHandler.java,1956,934,656,364,449,902,242,27,182,0,144,6,
C:\Users\OEM\Desktop\Folders\Programming\workspace\BeatPlaylist\src\com\beatplaylist\utilities\network\get\GetShopHandler.java,4467,2102,1523,841,1085,1848,716,72,427,1,282,34,
C:\Users\OEM\Desktop\Folders\Programming\workspace\BeatPlaylist\src\com\beatplaylist\utilities\network\get\GetSocialAccountRequestURL.java,1138,572,363,202,197,669,106,9,65,7,79,3,
C:\Users\OEM\Desktop\Folders\Programming\workspace\BeatPlaylist\src\com\beatplaylist\utilities\network\get\GetSongSettingsSocket.java,1478,706,496,275,378,713,163,0,114,7,94,7,
C:\Users\OEM\Desktop\Folders\Programming\workspace\BeatPlaylist\src\com\beatplaylist\utilities\network\get\GetTimelineHandler.java,4877,2223,1709,943,1258,1673,874,81,648,1,303,36,
C:\Users\OEM\Desktop\Folders\Programming\workspace\BeatPlaylist\src\com\beatplaylist\utilities\network\get\GetTopTrendingSongs.java,2488,1187,834,466,633,1208,274,0,208,0,158,6,
C:\Users\OEM\Desktop\Folders\Programming\workspace\BeatPlaylist\src\com\beatplaylist\utilities\network\get\GetTrendingHashtag.java,1482,715,497,270,324,786,149,0,115,0,101,5,
C:\Users\OEM\Desktop\Folders\Programming\workspace\BeatPlaylist\src\com\beatplaylist\utilities\network\get\GetUserFriends.java,6413,2912,2257,1244,1944,1979,1253,108,628,5,455,38,
C:\Users\OEM\Desktop\Folders\Programming\workspace\BeatPlaylist\src\com\beatplaylist\utilities\network\get\GetUserLinkedSocialAccountsHandler.java,2787,1409,868,509,230,1397,530,63,308,7,226,24,
C:\Users\OEM\Desktop\Folders\Programming\workspace\BeatPlaylist\src\com\beatplaylist\utilities\network\get\GetUserPinsHandler.java,3303,1588,1100,613,533,1440,598,72,396,0,233,28,
C:\Users\OEM\Desktop\Folders\Programming\workspace\BeatPlaylist\src\com\beatplaylist\utilities\network\get\GetUserPlaylistsHandler.java,7468,3466,2575,1427,1662,2401,1683,243,877,11,512,75,
C:\Users\OEM\Desktop\Folders\Programming\workspace\BeatPlaylist\src\com\beatplaylist\utilities\network\get\LoadPlaylistsHandler.java,2542,1212,860,469,553,1266,292,0,259,7,149,13,
C:\Users\OEM\Desktop\Folders\Programming\workspace\BeatPlaylist\src\com\beatplaylist\utilities\network\get\OpenConversationByUsername.java,3020,1423,1024,572,915,1280,389,9,224,7,182,12,
C:\Users\OEM\Desktop\Folders\Programming\workspace\BeatPlaylist\src\com\beatplaylist\utilities\network\incoming\HandleNotificationRequest.java,202,114,56,32,0,145,16,0,7,7,25,0,
C:\Users\OEM\Desktop\Folders\Programming\workspace\BeatPlaylist\src\com\beatplaylist\utilities\network\incoming\HandlePHPRequest.java,1499,621,582,295,727,436,117,0,126,7,74,9,
C:\Users\OEM\Desktop\Folders\Programming\workspace\BeatPlaylist\src\com\beatplaylist\utilities\network\incoming\IncomingMessageHandler.java,1475,723,483,269,304,771,179,0,115,0,100,4,
C:\Users\OEM\Desktop\Folders\Programming\workspace\BeatPlaylist\src\com\beatplaylist\utilities\network\incoming\IncomingPartyInvite.java,501,266,150,84,0,320,63,18,45,7,42,4,
C:\Users\OEM\Desktop\Folders\Programming\workspace\BeatPlaylist\src\com\beatplaylist\utilities\network\incoming\IncomingPartyJoin.java,494,259,150,84,0,320,63,18,45,0,42,4,
C:\Users\OEM\Desktop\Folders\Programming\workspace\BeatPlaylist\src\com\beatplaylist\utilities\network\incoming\MessageSocket.java,239,133,67,38,0,174,20,0,7,7,30,0,
C:\Users\OEM\Desktop\Folders\Programming\workspace\BeatPlaylist\src\com\beatplaylist\utilities\network\netty\NETTYClient.java,8099,3694,2831,1573,2586,2634,1486,45,632,18,673,23,
C:\Users\OEM\Desktop\Folders\Programming\workspace\BeatPlaylist\src\com\beatplaylist\utilities\network\netty\PacketHandler.java,1279,633,414,230,234,669,183,18,72,7,92,1,
C:\Users\OEM\Desktop\Folders\Programming\workspace\BeatPlaylist\src\com\beatplaylist\utilities\network\post\AddCreditSocket.java,1258,602,423,232,325,582,161,18,86,0,75,9,
C:\Users\OEM\Desktop\Folders\Programming\workspace\BeatPlaylist\src\com\beatplaylist\utilities\network\post\AddFundSocket.java,1815,866,613,335,431,829,267,18,138,0,121,9,
C:\Users\OEM\Desktop\Folders\Programming\workspace\BeatPlaylist\src\com\beatplaylist\utilities\network\post\AuthenticateLoginSocket.java,3446,1745,1081,620,303,1731,702,18,382,1,285,21,
C:\Users\OEM\Desktop\Folders\Programming\workspace\BeatPlaylist\src\com\beatplaylist\utilities\network\post\BlockSocket.java,1221,609,393,218,206,698,138,9,71,2,91,2,
C:\Users\OEM\Desktop\Folders\Programming\workspace\BeatPlaylist\src\com\beatplaylist\utilities\network\post\CheckAccountKeySocket.java,1114,557,356,200,197,625,122,0,74,7,85,1,
C:\Users\OEM\Desktop\Folders\Programming\workspace\BeatPlaylist\src\com\beatplaylist\utilities\network\post\Confirm2FACodeSocket.java,539,292,155,91,0,363,81,0,34,7,51,0,
C:\Users\OEM\Desktop\Folders\Programming\workspace\BeatPlaylist\src\com\beatplaylist\utilities\network\post\CreateAccountSocket.java,1218,604,393,220,206,655,165,0,86,0,96,7,
C:\Users\OEM\Desktop\Folders\Programming\workspace\BeatPlaylist\src\com\beatplaylist\utilities\network\post\CreateBugSocket.java,978,476,325,175,158,538,122,0,89,0,67,3,
C:\Users\OEM\Desktop\Folders\Programming\workspace\BeatPlaylist\src\com\beatplaylist\utilities\network\post\CreateCommentSocket.java,2232,1014,786,432,680,727,430,0,187,0,193,13,
C:\Users\OEM\Desktop\Folders\Programming\workspace\BeatPlaylist\src\com\beatplaylist\utilities\network\post\CreatePartySocket.java,1444,706,477,260,306,786,149,0,96,0,98,7,
C:\Users\OEM\Desktop\Folders\Programming\workspace\BeatPlaylist\src\com\beatplaylist\utilities\network\post\CreatePlaylistSocket.java,1388,666,467,254,340,655,174,0,93,7,108,8,
C:\Users\OEM\Desktop\Folders\Programming\workspace\BeatPlaylist\src\com\beatplaylist\utilities\network\post\CreatePostSocket.java,2608,1262,865,481,538,1280,389,0,199,0,191,9,
C:\Users\OEM\Desktop\Folders\Programming\workspace\BeatPlaylist\src\com\beatplaylist\utilities\network\post\CreatePurchaseSocket.java,1799,830,626,342,562,684,256,18,140,0,117,21,
C:\Users\OEM\Desktop\Folders\Programming\workspace\BeatPlaylist\src\com\beatplaylist\utilities\network\post\DeleteCommentSocket.java,1059,522,345,191,206,596,111,0,64,0,77,3,
C:\Users\OEM\Desktop\Folders\Programming\workspace\BeatPlaylist\src\com\beatplaylist\utilities\network\post\DeletePartyInvitationSocket.java,991,502,314,175,149,582,106,9,62,7,72,3,
C:\Users\OEM\Desktop\Folders\Programming\workspace\BeatPlaylist\src\com\beatplaylist\utilities\network\post\DeletePartySocket.java,1228,586,415,226,346,611,117,0,64,7,77,3,
C:\Users\OEM\Desktop\Folders\Programming\workspace\BeatPlaylist\src\com\beatplaylist\utilities\network\post\DeletePlaylistSocket.java,1282,614,431,236,346,640,126,0,70,7,88,3,
C:\Users\OEM\Desktop\Folders\Programming\workspace\BeatPlaylist\src\com\beatplaylist\utilities\network\post\DeletePostSocket.java,1059,522,345,191,206,596,111,0,64,0,77,2,
C:\Users\OEM\Desktop\Folders\Programming\workspace\BeatPlaylist\src\com\beatplaylist\utilities\network\post\FollowPlaylistSocket.java,1392,679,459,252,297,698,174,18,92,7,97,5,
C:\Users\OEM\Desktop\Folders\Programming\workspace\BeatPlaylist\src\com\beatplaylist\utilities\network\post\Generate2FACodeSocket.java,896,461,279,156,100,553,99,0,56,8,77,1,
C:\Users\OEM\Desktop\Folders\Programming\workspace\BeatPlaylist\src\com\beatplaylist\utilities\network\post\InviteUserToPartySocket.java,979,495,310,173,149,567,108,9,62,7,72,3,
C:\Users\OEM\Desktop\Folders\Programming\workspace\BeatPlaylist\src\com\beatplaylist\utilities\network\post\LikePostSocket.java,1638,791,551,295,358,771,206,72,104,0,117,9,
C:\Users\OEM\Desktop\Folders\Programming\workspace\BeatPlaylist\src\com\beatplaylist\utilities\network\post\LinkAccountHandler.java,1212,612,385,214,197,698,126,18,74,7,81,7,
C:\Users\OEM\Desktop\Folders\Programming\workspace\BeatPlaylist\src\com\beatplaylist\utilities\network\post\PinPostSocket.java,200,114,54,31,0,145,18,0,3,10,23,0,
C:\Users\OEM\Desktop\Folders\Programming\workspace\BeatPlaylist\src\com\beatplaylist\utilities\network\post\RemoveLinkedAccountHandler.java,896,459,280,156,100,538,120,0,58,7,71,0,
C:\Users\OEM\Desktop\Folders\Programming\workspace\BeatPlaylist\src\com\beatplaylist\utilities\network\post\RenamePlaylist.java,853,437,267,148,100,523,97,0,54,7,68,0,
C:\Users\OEM\Desktop\Folders\Programming\workspace\BeatPlaylist\src\com\beatplaylist\utilities\network\post\ReportPostSocket.java,1071,523,353,194,215,553,135,0,71,0,88,6,
C:\Users\OEM\Desktop\Folders\Programming\workspace\BeatPlaylist\src\com\beatplaylist\utilities\network\post\ResetPasswordSocket.java,894,449,285,159,149,509,104,0,51,7,70,3,
C:\Users\OEM\Desktop\Folders\Programming\workspace\BeatPlaylist\src\com\beatplaylist\utilities\network\post\SendCurrentSongSocket.java,1452,705,477,268,323,727,179,0,118,1,97,5,
C:\Users\OEM\Desktop\Folders\Programming\workspace\BeatPlaylist\src\com\beatplaylist\utilities\network\post\SendImageAnalytic.java,541,294,156,91,0,378,70,0,34,7,50,0,
C:\Users\OEM\Desktop\Folders\Programming\workspace\BeatPlaylist\src\com\beatplaylist\utilities\network\post\SendImageSocket.java,1994,938,680,375,544,858,281,0,141,0,161,7,
C:\Users\OEM\Desktop\Folders\Programming\workspace\BeatPlaylist\src\com\beatplaylist\utilities\network\post\SendMessageSocket.java,2661,1239,916,505,775,1091,385,9,195,0,194,10,
C:\Users\OEM\Desktop\Folders\Programming\workspace\BeatPlaylist\src\com\beatplaylist\utilities\network\post\SendMusicStatUpdateSocket.java,835,428,259,147,106,509,97,0,53,7,61,0,
C:\Users\OEM\Desktop\Folders\Programming\workspace\BeatPlaylist\src\com\beatplaylist\utilities\network\post\UnblockAllSocket.java,1004,490,332,181,215,538,106,0,64,0,75,4,
C:\Users\OEM\Desktop\Folders\Programming\workspace\BeatPlaylist\src\com\beatplaylist\utilities\network\post\UpdateAccountInformationSocket.java,3628,1658,1272,697,1221,1295,523,63,286,0,225,12,
C:\Users\OEM\Desktop\Folders\Programming\workspace\BeatPlaylist\src\com\beatplaylist\utilities\network\post\UpdateFollowStateSocket.java,500,270,144,84,0,334,75,0,32,7,49,0,
C:\Users\OEM\Desktop\Folders\Programming\workspace\BeatPlaylist\src\com\beatplaylist\utilities\network\post\UpdateGenreSocket.java,1106,543,363,199,215,611,120,0,73,0,83,1,
C:\Users\OEM\Desktop\Folders\Programming\workspace\BeatPlaylist\src\com\beatplaylist\utilities\network\post\UpdatePartyInformationSocket.java,1854,942,572,339,224,960,335,0,183,7,137,7,
C:\Users\OEM\Desktop\Folders\Programming\workspace\BeatPlaylist\src\com\beatplaylist\utilities\network\post\UpdatePartyJoinStatusSocket.java,1652,801,544,305,362,771,233,18,131,7,120,7,
C:\Users\OEM\Desktop\Folders\Programming\workspace\BeatPlaylist\src\com\beatplaylist\utilities\network\post\UpdatePasswordSocket.java,1203,596,391,215,215,684,133,0,77,0,89,2,
C:\Users\OEM\Desktop\Folders\Programming\workspace\BeatPlaylist\src\com\beatplaylist\utilities\network\post\UpdatePinSlotSocket.java,780,400,241,138,109,480,77,9,47,0,56,0,
C:\Users\OEM\Desktop\Folders\Programming\workspace\BeatPlaylist\src\com\beatplaylist\utilities\network\post\UpdatePlaylistInformationSocket.java,1137,575,360,201,158,655,154,0,72,7,85,4,
C:\Users\OEM\Desktop\Folders\Programming\workspace\BeatPlaylist\src\com\beatplaylist\utilities\network\post\UpdatePlaylistSongSocket.java,1714,810,580,323,410,669,339,0,141,7,139,6,
C:\Users\OEM\Desktop\Folders\Programming\workspace\BeatPlaylist\src\com\beatplaylist\utilities\network\post\UpdateReferralCodeSocket.java,1099,541,360,198,215,538,143,27,73,7,88,6,
C:\Users\OEM\Desktop\Folders\Programming\workspace\BeatPlaylist\src\com\beatplaylist\utilities\network\post\UpdateSongInfoSocket.java,1025,519,324,182,149,596,129,0,65,7,75,3,
C:\Users\OEM\Desktop\Folders\Programming\workspace\BeatPlaylist\src\com\beatplaylist\utilities\network\SearchUser.java,4486,2126,1534,826,824,1979,974,0,223,0,482,2,
C:\Users\OEM\Desktop\Folders\Programming\workspace\BeatPlaylist\src\com\beatplaylist\utilities\network\ServerCommand.java,209,116,59,33,0,145,34,0,5,7,16,0,
C:\Users\OEM\Desktop\Folders\Programming\workspace\BeatPlaylist\src\com\beatplaylist\utilities\network\ServerUtilities.java,1031,495,349,185,172,480,217,0,55,0,103,2,
C:\Users\OEM\Desktop\Folders\Programming\workspace\BeatPlaylist\src\com\beatplaylist\utilities\network\SocialAccount.java,490,249,156,84,35,262,111,0,18,7,55,0,
C:\Users\OEM\Desktop\Folders\Programming\workspace\BeatPlaylist\src\com\beatplaylist\utilities\network\StatusHandler.java,2837,1432,903,500,330,1615,421,27,200,0,226,15,
C:\Users\OEM\Desktop\Folders\Programming\workspace\BeatPlaylist\src\com\beatplaylist\utilities\network\TemporaryUser.java,1713,848,559,305,134,873,412,0,86,2,204,0,
C:\Users\OEM\Desktop\Folders\Programming\workspace\BeatPlaylist\src\com\beatplaylist\utilities\network\User.java,3314,1626,1093,595,329,1644,786,0,166,3,383,0,
C:\Users\OEM\Desktop\Folders\Programming\workspace\BeatPlaylist\src\com\beatplaylist\utilities\notification\Notification.java,6202,2807,2188,1206,1888,1659,1416,63,597,0,528,49,
C:\Users\OEM\Desktop\Folders\Programming\workspace\BeatPlaylist\src\com\beatplaylist\utilities\notification\NotificationManager.java,1260,624,410,225,176,611,240,36,94,0,98,3,
C:\Users\OEM\Desktop\Folders\Programming\workspace\BeatPlaylist\src\com\beatplaylist\utilities\notification\NotificationType.java,1118,593,331,193,35,669,235,0,73,1,55,46,
C:\Users\OEM\Desktop\Folders\Programming\workspace\BeatPlaylist\src\com\beatplaylist\utilities\notification\NotifyType.java,157,91,43,23,0,131,7,0,0,7,12,0,
C:\Users\OEM\Desktop\Folders\Programming\workspace\BeatPlaylist\src\com\beatplaylist\utilities\notification\WindowNotification.java,8809,4041,3092,1676,2539,2794,1810,334,612,56,639,23,
C:\Users\OEM\Desktop\Folders\Programming\workspace\BeatPlaylist\src\com\beatplaylist\utilities\permission\Permission.java,309,162,95,51,17,189,52,0,8,7,34,0,
C:\Users\OEM\Desktop\Folders\Programming\workspace\BeatPlaylist\src\com\beatplaylist\utilities\permission\PermissionManager.java,1095,496,390,208,427,436,117,0,43,7,62,0,
C:\Users\OEM\Desktop\Folders\Programming\workspace\BeatPlaylist\src\com\beatplaylist\utilities\permission\PermissionState.java,285,156,83,45,8,218,22,0,7,7,21,0,
C:\Users\OEM\Desktop\Folders\Programming\workspace\BeatPlaylist\src\com\beatplaylist\utilities\pins\Pin.java,728,364,235,128,53,392,161,0,30,0,89,0,
C:\Users\OEM\Desktop\Folders\Programming\workspace\BeatPlaylist\src\com\beatplaylist\utilities\pins\PinManager.java,830,391,286,152,235,407,102,0,30,0,53,0,
C:\Users\OEM\Desktop\Folders\Programming\workspace\BeatPlaylist\src\com\beatplaylist\utilities\popup\Popup.java,44909,20188,15837,8883,13595,6825,12543,2247,4902,16,4171,607,
C:\Users\OEM\Desktop\Folders\Programming\workspace\BeatPlaylist\src\com\beatplaylist\utilities\popup\PopupBuilder.java,3976,1861,1366,748,1073,1542,734,27,280,7,300,9,
C:\Users\OEM\Desktop\Folders\Programming\workspace\BeatPlaylist\src\com\beatplaylist\utilities\ResizeHelper.java,6129,2536,2359,1233,3254,1164,842,198,302,8,352,6,
C:\Users\OEM\Desktop\Folders\Programming\workspace\BeatPlaylist\src\com\beatplaylist\utilities\SceneManager.java,3827,1787,1332,708,1197,1659,380,54,257,25,247,5,
C:\Users\OEM\Desktop\Folders\Programming\workspace\BeatPlaylist\src\com\beatplaylist\utilities\server\serialized\ImageUpload.java,1979,950,674,354,283,931,380,27,152,7,192,4,
C:\Users\OEM\Desktop\Folders\Programming\workspace\BeatPlaylist\src\com\beatplaylist\utilities\server\serialized\Post.java,1309,619,453,236,198,553,297,9,103,7,138,2,
C:\Users\OEM\Desktop\Folders\Programming\workspace\BeatPlaylist\src\com\beatplaylist\utilities\StyleUtilities.java,4704,2151,1638,913,1383,1135,1103,162,411,5,479,23,
C:\Users\OEM\Desktop\Folders\Programming\workspace\BeatPlaylist\src\com\beatplaylist\utilities\tip\Tip.java,1043,511,342,190,233,567,108,0,61,2,68,0,
C:\Users\OEM\Desktop\Folders\Programming\workspace\BeatPlaylist\src\com\beatplaylist\utilities\tip\TipType.java,376,197,115,63,17,232,65,0,17,0,35,6,
C:\Users\OEM\Desktop\Folders\Programming\workspace\BeatPlaylist\src\com\beatplaylist\utilities\touch\Touch.java,666,343,209,113,51,422,104,0,33,0,54,0,
C:\Users\OEM\Desktop\Folders\Programming\workspace\BeatPlaylist\src\com\beatplaylist\utilities\update\Update.java,353,181,112,59,26,189,77,0,12,7,41,0,
C:\Users\OEM\Desktop\Folders\Programming\workspace\BeatPlaylist\src\com\beatplaylist\utilities\update\UpdateCategory.java,261,141,76,42,8,174,29,0,12,7,26,2,
C:\Users\OEM\Desktop\Folders\Programming\workspace\BeatPlaylist\src\com\beatplaylist\utilities\update\UpdateManager.java,862,453,260,148,66,480,156,0,55,17,69,15,
C:\Users\OEM\Desktop\Folders\Programming\workspace\BeatPlaylist\src\com\beatplaylist\utilities\Utilities.java,23743,10561,8525,4656,8698,6054,4312,975,1872,50,1596,184,

Entire Project Time,=SUM(B2:B308),=SUM(C2:C308),=SUM(D2:D308),=SUM(E2:E308),=SUM(F2:F308),=SUM(G2:G308),=SUM(H2:H308),=SUM(I2:I308),=SUM(J2:J308),=SUM(K2:K308),=SUM(L2:L308),=SUM(M2:M308),
